sceSblACMgrGetPathId	0x003B3630
sceSblServiceMailbox	0x00630230
sceSblAuthMgrSmIsLoadable2	0x0063D0A0
sceSblAuthMgrVerifyHeader	0x0063D100
_sceSblAuthMgrGetSelfInfo	0x0063D8E0
_sceSblAuthMgrSmStart	0x0063E470
RsaesPkcs1v15Dec2048CRT	0x0021BD20
Sha256Hmac	0x001F8E60
AesCbcCfb128Encrypt	0x003415F0
AesCbcCfb128Decrypt	0x00341820
sceSblDriverSendMsg	0x0061C870
sceSblPfsSetKeys	0x00626FB0
sceSblKeymgrSetKeyStorage	0x00625010
sceSblKeymgrSetKeyForPfs	0x0062B900
sceSblKeymgrCleartKey	0x0062BC40
sceSblKeymgrSmCallfunc	0x0062B4D0
vmspace_acquire_ref	0x002F76E0
vmspace_free	0x002F7510
vm_map_lock_read	0x002F7870
vm_map_unlock_read	0x002F78C0
vm_map_lookup_entry	0x002F7EB0
proc_rwmem	0x00366760
memcpy	0x002BD5A0
memset	0x001FA260
printf	0x002E0510
malloc	0x00009520
free	0x000096E0
_sx_xlock	0x000A3840
_sx_xunlock	0x000A3A00
